,canonical_composer,canonical_title,split,year,midi_filename,audio_filename,duration,performer,nationality,performer_label,canonical_title_label
0,Frédéric Chopin,"12 Etudes, Op. 25",train,2004,2004/MIDI-Unprocessed_SMF_05_R1_2004_01_ORIG_MID--AUDIO_05_R1_2004_02_Track02_wav.midi,2004/MIDI-Unprocessed_SMF_05_R1_2004_01_ORIG_MID--AUDIO_05_R1_2004_02_Track02_wav.wav,1409.28857763,Ekaterina Danilowa,Russian ,49,11
1,Frédéric Chopin,"12 Etudes, Op. 25",train,2004,2004/MIDI-Unprocessed_SMF_05_R1_2004_01_ORIG_MID--AUDIO_05_R1_2004_03_Track03_wav.midi,2004/MIDI-Unprocessed_SMF_05_R1_2004_01_ORIG_MID--AUDIO_05_R1_2004_03_Track03_wav.wav,327.327025835,Ekaterina Danilowa,Russian ,49,11
2,Frédéric Chopin,"24 Preludes, Op. 28",train,2004,2004/MIDI-Unprocessed_XP_06_R1_2004_01_ORIG_MID--AUDIO_06_R1_2004_01_Track01_wav.midi,2004/MIDI-Unprocessed_XP_06_R1_2004_01_ORIG_MID--AUDIO_06_R1_2004_01_Track01_wav.wav,2398.64035989,Denis Evstioukhine,Russian ,42,16
3,Frédéric Chopin,"Andante Spianato and Grand Polonaise Brilliante, Op. 22",train,2008,2008/MIDI-Unprocessed_10_R3_2008_01-05_ORIG_MID--AUDIO_10_R3_2008_wav--5.midi,2008/MIDI-Unprocessed_10_R3_2008_01-05_ORIG_MID--AUDIO_10_R3_2008_wav--5.wav,809.8042115630002,Vladimir Levitsky,Russian ,175,23
4,Frédéric Chopin,"Andante Spianato and Grand Polonaise Brilliante, Op. 22",train,2008,2008/MIDI-Unprocessed_11_R3_2008_01-04_ORIG_MID--AUDIO_11_R3_2008_wav--4.midi,2008/MIDI-Unprocessed_11_R3_2008_01-04_ORIG_MID--AUDIO_11_R3_2008_wav--4.wav,819.8749814060001,Tami Lin,Canadian,160,23
5,Franz Schubert,"""Der Mueller und der Bach""",validation,2009,2009/MIDI-Unprocessed_08_R1_2009_01-04_ORIG_MID--AUDIO_08_R1_2009_08_R1_2009_02_WAV.midi,2009/MIDI-Unprocessed_08_R1_2009_01-04_ORIG_MID--AUDIO_08_R1_2009_08_R1_2009_02_WAV.wav,336.37920421900003,Han-Chien Lee,Taiwanese ,70,0
6,Franz Schubert,"""Erlkoenig""",test,2009,2009/MIDI-Unprocessed_08_R1_2009_01-04_ORIG_MID--AUDIO_08_R1_2009_08_R1_2009_04_WAV.midi,2009/MIDI-Unprocessed_08_R1_2009_01-04_ORIG_MID--AUDIO_08_R1_2009_08_R1_2009_04_WAV.wav,274.73663765599997,Han-Chien Lee,Taiwanese ,70,1
7,Franz Schubert,"""Gretchen am Spinnrade""",test,2009,2009/MIDI-Unprocessed_08_R1_2009_01-04_ORIG_MID--AUDIO_08_R1_2009_08_R1_2009_03_WAV.midi,2009/MIDI-Unprocessed_08_R1_2009_01-04_ORIG_MID--AUDIO_08_R1_2009_08_R1_2009_03_WAV.wav,236.42070375,Han-Chien Lee,Taiwanese ,70,3
8,Franz Schubert,"Fantasia in C Major, ""Wanderer"", D. 760",test,2017,2017/MIDI-Unprocessed_080_PIANO080_MID--AUDIO-split_07-09-17_Piano-e_1-06_wav--3.midi,2017/MIDI-Unprocessed_080_PIANO080_MID--AUDIO-split_07-09-17_Piano-e_1-06_wav--3.wav,1204.94174533,Youl Sun,Russia,190,157
9,Franz Schubert,Impromptu Op. 142 No. 1 F Minor,train,2008,2008/MIDI-Unprocessed_06_R2_2008_01-05_ORIG_MID--AUDIO_06_R2_2008_wav--3.midi,2008/MIDI-Unprocessed_06_R2_2008_01-05_ORIG_MID--AUDIO_06_R2_2008_wav--3.wav,584.9433253130001,Eloise Kim,South Korean ,53,211
10,Ludwig van Beethoven,"15 Variations and Fugue in Eb on an Original Theme ('Eroica Variations'), Op.35",validation,2004,2004/MIDI-Unprocessed_SMF_13_01_2004_01-05_ORIG_MID--AUDIO_13_R1_2004_05_Track05_wav.midi,2004/MIDI-Unprocessed_SMF_13_01_2004_01-05_ORIG_MID--AUDIO_13_R1_2004_05_Track05_wav.wav,1402.55462314,Tanya Karyagina,Kazakstan  ,161,13
11,Ludwig van Beethoven,"Andante favori in F Major, WoO 57",validation,2018,2018/MIDI-Unprocessed_Chamber6_MID--AUDIO_20_R3_2018_wav--1.midi,2018/MIDI-Unprocessed_Chamber6_MID--AUDIO_20_R3_2018_wav--1.wav,524.024582813,Igor Andreev,Switzerland/Russia,78,26
12,Ludwig van Beethoven,Bagatelles Op126,train,2006,2006/MIDI-Unprocessed_11_R1_2006_01-06_ORIG_MID--AUDIO_11_R1_2006_02_Track02_wav.midi,2006/MIDI-Unprocessed_11_R1_2006_01-06_ORIG_MID--AUDIO_11_R1_2006_02_Track02_wav.wav,1108.03708641,Mikhail Mordvinov,Russian ,121,36
13,Ludwig van Beethoven,"Bagatelles, Op. 126 (Complete)",train,2014,2014/MIDI-UNPROCESSED_04-08-12_R3_2014_MID--AUDIO_12_R3_2014_wav--1.midi,2014/MIDI-UNPROCESSED_04-08-12_R3_2014_MID--AUDIO_12_R3_2014_wav--1.wav,1158.83297578,Peter Friis Johannson,Denmark/Sweden,137,37
14,Ludwig van Beethoven,"Bagtellen, Op.126",train,2009,2009/MIDI-Unprocessed_10_R1_2009_01-02_ORIG_MID--AUDIO_10_R1_2009_10_R1_2009_02_WAV.midi,2009/MIDI-Unprocessed_10_R1_2009_01-02_ORIG_MID--AUDIO_10_R1_2009_10_R1_2009_02_WAV.wav,1136.37306234,Piotr Rozanski,Poland,138,38
15,Johann Sebastian Bach,"Chromatic Fantasy and Fugue in D Minor, BWV 903",train,2018,2018/MIDI-Unprocessed_Recital17-19_MID--AUDIO_19_R1_2018_wav--1.midi,2018/MIDI-Unprocessed_Recital17-19_MID--AUDIO_19_R1_2018_wav--1.wav,636.4563614059999,Martin Leung,USA,115,65
16,Johann Sebastian Bach,"Chromatic Fantasy and Fugue in D Minor, BWV 903",train,2014,2014/MIDI-UNPROCESSED_04-05_R1_2014_MID--AUDIO_05_R1_2014_wav--1.midi,2014/MIDI-UNPROCESSED_04-05_R1_2014_MID--AUDIO_05_R1_2014_wav--1.wav,738.034785469,Martin Leung,USA,115,65
17,Johann Sebastian Bach,"Chromatic Fantasy and Fugue in D Minor, BWV 903",train,2015,2015/MIDI-Unprocessed_R2_D2-19-21-22_mid--AUDIO-from_mp3_19_R2_2015_wav--1.midi,2015/MIDI-Unprocessed_R2_D2-19-21-22_mid--AUDIO-from_mp3_19_R2_2015_wav--1.wav,711.303125,WaiYuen Wong,Hong Kong ,177,65
18,Johann Sebastian Bach,"Duet in E Minor, BWV 802",train,2009,2009/MIDI-Unprocessed_06_R1_2009_03-07_ORIG_MID--AUDIO_06_R1_2009_06_R1_2009_03_WAV.midi,2009/MIDI-Unprocessed_06_R1_2009_03-07_ORIG_MID--AUDIO_06_R1_2009_06_R1_2009_03_WAV.wav,131.83480406299998,Andrej Jussow,Germany,9,85
19,Johann Sebastian Bach,"Duet in G, BWV 804",train,2009,2009/MIDI-Unprocessed_06_R1_2009_03-07_ORIG_MID--AUDIO_06_R1_2009_06_R1_2009_04_WAV.midi,2009/MIDI-Unprocessed_06_R1_2009_03-07_ORIG_MID--AUDIO_06_R1_2009_06_R1_2009_04_WAV.wav,125.185505156,Andrej Jussow,Germany,9,86
20,Franz Liszt,"""La Campanella""",train,2008,2008/MIDI-Unprocessed_09_R1_2008_01-05_ORIG_MID--AUDIO_09_R1_2008_wav--3.midi,2008/MIDI-Unprocessed_09_R1_2008_01-05_ORIG_MID--AUDIO_09_R1_2008_wav--3.wav,273.16212,Joselyn Lai,Canadian,91,5
21,Franz Liszt,"""La Campanella""",train,2008,2008/MIDI-Unprocessed_10_R1_2008_01-04_ORIG_MID--AUDIO_10_R1_2008_wav--4.midi,2008/MIDI-Unprocessed_10_R1_2008_01-04_ORIG_MID--AUDIO_10_R1_2008_wav--4.wav,265.471155469,Vladimir Levitsky,Russian,175,5
22,Franz Liszt,"""La Campanella""",train,2008,2008/MIDI-Unprocessed_18_R1_2008_01-04_ORIG_MID--AUDIO_18_R1_2008_wav--4.midi,2008/MIDI-Unprocessed_18_R1_2008_01-04_ORIG_MID--AUDIO_18_R1_2008_wav--4.wav,269.971685156,Hao Tian Tim Zhang,Canadian,72,5
23,Franz Liszt,Annes de Pelerinage III: Le jeux d'eau a la Villa d'Este,train,2011,2011/MIDI-Unprocessed_17_R2_2011_MID--AUDIO_R2-D5_03_Track03_wav.midi,2011/MIDI-Unprocessed_17_R2_2011_MID--AUDIO_R2-D5_03_Track03_wav.wav,428.27280890599997,Su Yeon Kim,South Korea,156,30
24,Franz Liszt,"Après une lecture de Dante: Fantasia quasi Sonata, S.161, No. 7",train,2014,2014/MIDI-UNPROCESSED_09-10_R1_2014_MID--AUDIO_09_R1_2014_wav--2.midi,2014/MIDI-UNPROCESSED_09-10_R1_2014_MID--AUDIO_09_R1_2014_wav--2.wav,1027.3494,Yang Liu,P. R. China,183,31
25,Sergei Rachmaninoff,Corelli Var.Op42,validation,2006,2006/MIDI-Unprocessed_09_R1_2006_01-04_ORIG_MID--AUDIO_09_R1_2006_03_Track03_wav.midi,2006/MIDI-Unprocessed_09_R1_2006_01-04_ORIG_MID--AUDIO_09_R1_2006_03_Track03_wav.wav,1103.90648156,Konstantin Krasnitsky,Belarussian ,102,79
26,Sergei Rachmaninoff,Elegie in E-Flat Minor Op. 3,validation,2011,2011/MIDI-Unprocessed_12_R2_2011_MID--AUDIO_R2-D4_02_Track02_wav.midi,2011/MIDI-Unprocessed_12_R2_2011_MID--AUDIO_R2-D4_02_Track02_wav.wav,376.323074531,Weston Mizumoto,USA,180,90
27,Sergei Rachmaninoff,"Elegie in E-flat Minor, Op. 3 No. 1",validation,2013,2013/ORIG-MIDI_01_7_6_13_Group__MID--AUDIO_01_R1_2013_wav--3.midi,2013/ORIG-MIDI_01_7_6_13_Group__MID--AUDIO_01_R1_2013_wav--3.wav,302.103063281,Athena Tsianos,USA,21,91
28,Sergei Rachmaninoff,"Elegy Op. 3, No. 1",validation,2004,2004/MIDI-Unprocessed_SMF_16_R1_2004_01-08_ORIG_MID--AUDIO_16_R1_2004_03_Track03_wav.midi,2004/MIDI-Unprocessed_SMF_16_R1_2004_01-08_ORIG_MID--AUDIO_16_R1_2004_03_Track03_wav.wav,321.43815431900003,Konstantin Krasnitsky,Belarus   ,102,92
29,Sergei Rachmaninoff,Etude Tableau Op. 39 No. 5,test,2018,2018/MIDI-Unprocessed_Recital17-19_MID--AUDIO_17_R1_2018_wav--2.midi,2018/MIDI-Unprocessed_Recital17-19_MID--AUDIO_17_R1_2018_wav--2.wav,291.913436719,Feng Bian,P. R. China,63,132
30,Robert Schumann,ABEGG Op. 1,train,2015,2015/MIDI-Unprocessed_R2_D1-2-3-6-7-8-11_mid--AUDIO-from_mp3_08_R2_2015_wav--3.midi,2015/MIDI-Unprocessed_R2_D1-2-3-6-7-8-11_mid--AUDIO-from_mp3_08_R2_2015_wav--3.wav,419.332291667,Christopher Son Richardson,USA,34,19
31,Robert Schumann,ABEGG Variations Op. 1,train,2011,2011/MIDI-Unprocessed_04_R1_2011_MID--AUDIO_R1-D2_06_Track06_wav.midi,2011/MIDI-Unprocessed_04_R1_2011_MID--AUDIO_R1-D2_06_Track06_wav.wav,456.623475,Annie Zhou,Canada,17,20
32,Robert Schumann,"ABEGG Variations, Op. 1",train,2008,2008/MIDI-Unprocessed_12_R2_2008_01-04_ORIG_MID--AUDIO_12_R2_2008_wav--3.midi,2008/MIDI-Unprocessed_12_R2_2008_01-04_ORIG_MID--AUDIO_12_R2_2008_wav--3.wav,451.479249375,Sergey Nedayvoda,Russian  ,151,21
33,Robert Schumann,"ABEGG Variations, Op. 1",train,2013,2013/ORIG-MIDI_01_7_7_13_Group__MID--AUDIO_12_R1_2013_wav--5.midi,2013/ORIG-MIDI_01_7_7_13_Group__MID--AUDIO_12_R1_2013_wav--5.wav,450.517711875,Evelyn Mo,USA,60,21
34,Robert Schumann,"ABEGG Variations, Op. 1",train,2013,2013/ORIG-MIDI_01_7_7_13_Group__MID--AUDIO_13_R1_2013_wav--4.midi,2013/ORIG-MIDI_01_7_7_13_Group__MID--AUDIO_13_R1_2013_wav--4.wav,451.658202188,Linda Ruan,Canada,108,21
35,Claude Debussy,"""Feux d'artifice"" from Book II",train,2008,2008/MIDI-Unprocessed_10_R3_2008_01-05_ORIG_MID--AUDIO_10_R3_2008_wav--4.midi,2008/MIDI-Unprocessed_10_R3_2008_01-05_ORIG_MID--AUDIO_10_R3_2008_wav--4.wav,242.752161094,Vladimir Levitsky,Russian ,175,2
36,Claude Debussy,"""Images"", Series I",train,2013,2013/ORIG-MIDI_03_7_10_13_Group_MID--AUDIO_18_R3_2013_wav--2.midi,2013/ORIG-MIDI_03_7_10_13_Group_MID--AUDIO_18_R3_2013_wav--2.wav,918.021250781,Evren Ozel,USA,61,4
37,Claude Debussy,"""Les collines d'Anacapri"" from Preludes, Book I",train,2008,2008/MIDI-Unprocessed_07_R3_2008_01-05_ORIG_MID--AUDIO_07_R3_2008_wav--3.midi,2008/MIDI-Unprocessed_07_R3_2008_01-05_ORIG_MID--AUDIO_07_R3_2008_wav--3.wav,166.49556,Julia Kociuban,Polish,94,6
38,Claude Debussy,"""Ondine"" from Book II",train,2008,2008/MIDI-Unprocessed_10_R3_2008_01-05_ORIG_MID--AUDIO_10_R3_2008_wav--3.midi,2008/MIDI-Unprocessed_10_R3_2008_01-05_ORIG_MID--AUDIO_10_R3_2008_wav--3.wav,193.30108875,Vladimir Levitsky,Russian ,175,7
39,Claude Debussy,"""Voiles"" from Preludes, Book I",train,2008,2008/MIDI-Unprocessed_07_R3_2008_01-05_ORIG_MID--AUDIO_07_R3_2008_wav--4.midi,2008/MIDI-Unprocessed_07_R3_2008_01-05_ORIG_MID--AUDIO_07_R3_2008_wav--4.wav,212.29546078099997,Julia Kociuban,Polish,94,9
40,Joseph Haydn,Andante w/Var.,validation,2006,2006/MIDI-Unprocessed_08_R1_2006_01-04_ORIG_MID--AUDIO_08_R1_2006_Disk1_02_Track02_wav.midi,2006/MIDI-Unprocessed_08_R1_2006_01-04_ORIG_MID--AUDIO_08_R1_2006_Disk1_02_Track02_wav.wav,558.522411562,Victoria Korchinskaya-Kogan,Canadian   ,172,29
41,Joseph Haydn,"Piano Sonata in C major, Hob. XVI:50 (Complete)",train,2014,2014/MIDI-UNPROCESSED_19-20_R1_2014_MID--AUDIO_20_R1_2014_wav--1.midi,2014/MIDI-UNPROCESSED_19-20_R1_2014_MID--AUDIO_20_R1_2014_wav--1.wav,790.4906625,Soo Yeon Ham,South Korea,155,335
42,Joseph Haydn,Son. Hob. XVI:32,train,2006,2006/MIDI-Unprocessed_19_R1_2006_01-07_ORIG_MID--AUDIO_19_R1_2006_02_Track02_wav.midi,2006/MIDI-Unprocessed_19_R1_2006_01-07_ORIG_MID--AUDIO_19_R1_2006_02_Track02_wav.wav,507.451415625,Rui Shi,Chinese ,142,491
43,Joseph Haydn,Son. Hob. XVI:39,validation,2006,2006/MIDI-Unprocessed_23_R1_2006_01-05_ORIG_MID--AUDIO_23_R1_2006_02_Track02_wav.midi,2006/MIDI-Unprocessed_23_R1_2006_01-05_ORIG_MID--AUDIO_23_R1_2006_02_Track02_wav.wav,830.483945156,Einav Yarden,Israeli ,48,492
44,Joseph Haydn,Son. Hob. XVI:52,train,2006,2006/MIDI-Unprocessed_02_R1_2006_01-04_ORIG_MID--AUDIO_02_R1_2006_01_Track01_wav.midi,2006/MIDI-Unprocessed_02_R1_2006_01-04_ORIG_MID--AUDIO_02_R1_2006_01_Track01_wav.wav,960.6200329689999,Yulianna Avdeeva,Russian,194,493
45,Wolfgang Amadeus Mozart,Fantasy in C Min,train,2006,2006/MIDI-Unprocessed_07_R1_2006_01-04_ORIG_MID--AUDIO_07_R1_2006_02_Track02_wav.midi,2006/MIDI-Unprocessed_07_R1_2006_01-04_ORIG_MID--AUDIO_07_R1_2006_02_Track02_wav.wav,691.770141563,Claire Huangci,American ,35,168
46,Wolfgang Amadeus Mozart,"Nine Variations, K. 264",train,2009,2009/MIDI-Unprocessed_04_R1_2009_01-03_ORIG_MID--AUDIO_04_R1_2009_04_R1_2009_02_WAV.midi,2009/MIDI-Unprocessed_04_R1_2009_01-03_ORIG_MID--AUDIO_04_R1_2009_04_R1_2009_02_WAV.wav,735.7471275,Vyacheslav Gryaznov,Russia ,176,301
47,Wolfgang Amadeus Mozart,"Nine variations on a minuet by Duport, K537",train,2018,2018/MIDI-Unprocessed_Chamber2_MID--AUDIO_09_R3_2018_wav--1.midi,2018/MIDI-Unprocessed_Chamber2_MID--AUDIO_09_R3_2018_wav--1.wav,581.409675,Vasyl Kotys,Ukraine,170,302
48,Wolfgang Amadeus Mozart,"Rondo in A Minor,  K. 511",test,2011,2011/MIDI-Unprocessed_05_R1_2011_MID--AUDIO_R1-D2_12_Track12_wav.midi,2011/MIDI-Unprocessed_05_R1_2011_MID--AUDIO_R1-D2_12_Track12_wav.wav,500.815471406,Bochao Lan,China,23,469
49,Wolfgang Amadeus Mozart,Sonata K. 457,train,2006,2006/MIDI-Unprocessed_24_R1_2006_01-05_ORIG_MID--AUDIO_24_R1_2006_01_Track01_wav.midi,2006/MIDI-Unprocessed_24_R1_2006_01-05_ORIG_MID--AUDIO_24_R1_2006_01_Track01_wav.wav,937.038325781,Darrett Zusko,Canadian,39,504
50,Alexander Scriabin,"24 Preludes Op. 11, No. 13-24",train,2004,2004/MIDI-Unprocessed_XP_21_R1_2004_01_ORIG_MID--AUDIO_21_R1_2004_01_Track01_wav.midi,2004/MIDI-Unprocessed_XP_21_R1_2004_01_ORIG_MID--AUDIO_21_R1_2004_01_Track01_wav.wav,872.6405880960001,Nino Ushikishvili,Georgian ,131,15
51,Alexander Scriabin,"3 Etudes, Op. 65",validation,2006,2006/MIDI-Unprocessed_17_R1_2006_01-06_ORIG_MID--AUDIO_17_R1_2006_04_Track04_wav.midi,2006/MIDI-Unprocessed_17_R1_2006_01-06_ORIG_MID--AUDIO_17_R1_2006_04_Track04_wav.wav,397.857508125,Konstantin Shamray,Russian ,103,17
52,Alexander Scriabin,"5 Preludes, Op.15",validation,2009,2009/MIDI-Unprocessed_07_R1_2009_04-05_ORIG_MID--AUDIO_07_R1_2009_07_R1_2009_04_WAV.midi,2009/MIDI-Unprocessed_07_R1_2009_04-05_ORIG_MID--AUDIO_07_R1_2009_07_R1_2009_04_WAV.wav,400.557825938,Grace Eun Hae Kim,South Korea,66,18
53,Alexander Scriabin,"Entragete, Op.63",test,2009,2009/MIDI-Unprocessed_11_R1_2009_06-09_ORIG_MID--AUDIO_11_R1_2009_11_R1_2009_07_WAV.midi,2009/MIDI-Unprocessed_11_R1_2009_06-09_ORIG_MID--AUDIO_11_R1_2009_11_R1_2009_07_WAV.wav,163.74582984399999,Yukiko Sekino,Japan ,193,96
54,Alexander Scriabin,"Etude Op. 2 No.1;  Etudes Op. 8, Nos. 5, 11 and 12",train,2013,2013/ORIG-MIDI_03_7_8_13_Group__MID--AUDIO_19_R2_2013_wav--3.midi,2013/ORIG-MIDI_03_7_8_13_Group__MID--AUDIO_19_R2_2013_wav--3.wav,563.904350625,Fangzhou Ye,P. R. China,62,118
55,Domenico Scarlatti,Sonata K. 466,train,2008,2008/MIDI-Unprocessed_09_R3_2008_01-07_ORIG_MID--AUDIO_09_R3_2008_wav--3.midi,2008/MIDI-Unprocessed_09_R3_2008_01-07_ORIG_MID--AUDIO_09_R3_2008_wav--3.wav,121.187111719,Joselyn Lai,Canadian ,91,506
56,Domenico Scarlatti,Sonata K. 525,test,2008,2008/MIDI-Unprocessed_09_R3_2008_01-07_ORIG_MID--AUDIO_09_R3_2008_wav--2.midi,2008/MIDI-Unprocessed_09_R3_2008_01-07_ORIG_MID--AUDIO_09_R3_2008_wav--2.wav,65.9481178125,Joselyn Lai,Canadian ,91,507
57,Domenico Scarlatti,Sonata K. 54,test,2008,2008/MIDI-Unprocessed_09_R3_2008_01-07_ORIG_MID--AUDIO_09_R3_2008_wav--1.midi,2008/MIDI-Unprocessed_09_R3_2008_01-07_ORIG_MID--AUDIO_09_R3_2008_wav--1.wav,205.774366875,Joselyn Lai,Canadian ,91,508
58,Domenico Scarlatti,"Sonata in A Major, K. 208",test,2014,2014/MIDI-UNPROCESSED_01-03_R1_2014_MID--AUDIO_01_R1_2014_wav--2.midi,2014/MIDI-UNPROCESSED_01-03_R1_2014_MID--AUDIO_01_R1_2014_wav--2.wav,146.682545625,Sejoon Park,South Korea ,150,626
59,Domenico Scarlatti,"Sonata in B Minor, K. 197",train,2009,2009/MIDI-Unprocessed_14_R1_2009_01-05_ORIG_MID--AUDIO_14_R1_2009_14_R1_2009_04_WAV.midi,2009/MIDI-Unprocessed_14_R1_2009_01-05_ORIG_MID--AUDIO_14_R1_2009_14_R1_2009_04_WAV.wav,298.063270313,Andrew Staupe,USA,11,642
60,Felix Mendelssohn,Etude in A Minor,validation,2008,2008/MIDI-Unprocessed_02_R1_2008_01-05_ORIG_MID--AUDIO_02_R1_2008_wav--3.midi,2008/MIDI-Unprocessed_02_R1_2008_01-05_ORIG_MID--AUDIO_02_R1_2008_wav--3.wav,76.0442615625,Anna Denisova,Russian,16,135
61,Felix Mendelssohn,"Fantasy in F-sharp Minor, Op. 28 (Complete)",test,2017,2017/MIDI-Unprocessed_059_PIANO059_MID--AUDIO-split_07-07-17_Piano-e_2-03_wav--4.midi,2017/MIDI-Unprocessed_059_PIANO059_MID--AUDIO-split_07-07-17_Piano-e_2-03_wav--4.wav,661.205093412,Youl Sun,Russia,190,170
62,Felix Mendelssohn,"Rondo Capriccioso in E Minor, Op. 14",validation,2013,2013/ORIG-MIDI_02_7_6_13_Group__MID--AUDIO_06_R1_2013_wav--4.midi,2013/ORIG-MIDI_02_7_6_13_Group__MID--AUDIO_06_R1_2013_wav--4.wav,362.836175625,Melanie Hebert,Canada,118,467
63,Felix Mendelssohn,"Rondo Capriccioso in E Minor, Op. 14",validation,2011,2011/MIDI-Unprocessed_16_R1_2011_MID--AUDIO_R1-D6_15_Track15_wav.midi,2011/MIDI-Unprocessed_16_R1_2011_MID--AUDIO_R1-D6_15_Track15_wav.wav,359.457439688,Aristo Sham,Hong Kong,18,467
64,Felix Mendelssohn,Variations Serieuses Op. 54,train,2017,2017/MIDI-Unprocessed_070_PIANO070_MID--AUDIO-split_07-08-17_Piano-e_1-02_wav--3.midi,2017/MIDI-Unprocessed_070_PIANO070_MID--AUDIO-split_07-08-17_Piano-e_1-02_wav--3.wav,724.4814927580002,Rio Kai Rui,Australia,140,832
65,Johannes Brahms,"16 Waltzes, Op. 39",validation,2004,2004/MIDI-Unprocessed_XP_14_R1_2004_01-03_ORIG_MID--AUDIO_14_R1_2004_03_Track03_wav.midi,2004/MIDI-Unprocessed_XP_14_R1_2004_01-03_ORIG_MID--AUDIO_14_R1_2004_03_Track03_wav.wav,1064.85903814,Benjamin Kim,American  ,22,14
66,Johannes Brahms,Fantasias Op. 116 (Selections),train,2017,2017/MIDI-Unprocessed_074_PIANO074_MID--AUDIO-split_07-08-17_Piano-e_2-04_wav--3.midi,2017/MIDI-Unprocessed_074_PIANO074_MID--AUDIO-split_07-08-17_Piano-e_2-04_wav--3.wav,982.801808179,Haichun Wang,P. R. China ,69,159
67,Johannes Brahms,Fantasien Op.116,train,2006,2006/MIDI-Unprocessed_02_R1_2006_01-04_ORIG_MID--AUDIO_02_R1_2006_02_Track02_wav.midi,2006/MIDI-Unprocessed_02_R1_2006_01-04_ORIG_MID--AUDIO_02_R1_2006_02_Track02_wav.wav,1357.78443281,Yulianna Avdeeva,Russian,194,162
68,Johannes Brahms,"Fantasies, Op. 116 No. 7 (Complete)",train,2014,2014/MIDI-UNPROCESSED_01-03_R1_2014_MID--AUDIO_01_R1_2014_wav--3.midi,2014/MIDI-UNPROCESSED_01-03_R1_2014_MID--AUDIO_01_R1_2014_wav--3.wav,1278.59914875,Sejoon Park,South Korea ,150,163
69,Johannes Brahms,Intermezzo Op. 118 No. 6 in E-flat Minor,train,2008,2008/MIDI-Unprocessed_11_R1_2008_01-04_ORIG_MID--AUDIO_11_R1_2008_wav--3.midi,2008/MIDI-Unprocessed_11_R1_2008_01-04_ORIG_MID--AUDIO_11_R1_2008_wav--3.wav,322.240596563,Tami Lin,Canadian,160,246
70,Franz Schubert / Franz Liszt,Der Mueller und der Bach,validation,2018,2018/MIDI-Unprocessed_Recital9-11_MID--AUDIO_09_R1_2018_wav--3.midi,2018/MIDI-Unprocessed_Recital9-11_MID--AUDIO_09_R1_2018_wav--3.wav,301.624965469,Vasyl Kotys,Ukraine,170,83
71,Franz Schubert / Franz Liszt,Die Forelle,train,2011,2011/MIDI-Unprocessed_03_R2_2011_MID--AUDIO_R2-D1_08_Track08_wav.midi,2011/MIDI-Unprocessed_03_R2_2011_MID--AUDIO_R2-D1_08_Track08_wav.wav,207.15657703099998,Misora Ozaki,Japan,124,84
72,Franz Schubert / Franz Liszt,"Fruelingsglaube, Die Junge Nonne",train,2006,2006/MIDI-Unprocessed_11_R1_2006_01-06_ORIG_MID--AUDIO_11_R1_2006_04_Track04_wav.midi,2006/MIDI-Unprocessed_11_R1_2006_01-06_ORIG_MID--AUDIO_11_R1_2006_04_Track04_wav.wav,503.913758906,Mikhail Mordvinov,Russian ,121,178
73,Franz Schubert / Franz Liszt,Gretchen am Spinnrade,test,2018,2018/MIDI-Unprocessed_Recital9-11_MID--AUDIO_09_R1_2018_wav--2.midi,2018/MIDI-Unprocessed_Recital9-11_MID--AUDIO_09_R1_2018_wav--2.wav,199.135751719,Vasyl Kotys,Ukraine,170,185
74,Franz Schubert / Franz Liszt,"Song Transcriptions: Aufenthalt, Gretchen am Spinnrade, Standchen von Shakespeare, Der Erlkonig",train,2004,2004/MIDI-Unprocessed_XP_18_R1_2004_01-02_ORIG_MID--AUDIO_18_R1_2004_02_Track02_wav.midi,2004/MIDI-Unprocessed_XP_18_R1_2004_01-02_ORIG_MID--AUDIO_18_R1_2004_02_Track02_wav.wav,209.410707023,Elizabeth Schumann,American  ,50,765
75,Isaac Albéniz,Asturias,train,2009,2009/MIDI-Unprocessed_03_R1_2009_03-08_ORIG_MID--AUDIO_03_R1_2009_03_R1_2009_06_WAV.midi,2009/MIDI-Unprocessed_03_R1_2009_03-08_ORIG_MID--AUDIO_03_R1_2009_03_R1_2009_06_WAV.wav,308.694937031,Elmar Gasanov,Russia,52,34
76,Isaac Albéniz,"Evocacion from ""Iberia""",train,2009,2009/MIDI-Unprocessed_14_R1_2009_01-05_ORIG_MID--AUDIO_14_R1_2009_14_R1_2009_02_WAV.midi,2009/MIDI-Unprocessed_14_R1_2009_01-05_ORIG_MID--AUDIO_14_R1_2009_14_R1_2009_02_WAV.wav,316.343166563,Andrew Staupe,USA,11,154
77,Isaac Albéniz,Iberia Book II,train,2006,2006/MIDI-Unprocessed_05_R1_2006_01-05_ORIG_MID--AUDIO_05_R1_2006_03_Track03_wav.midi,2006/MIDI-Unprocessed_05_R1_2006_01-05_ORIG_MID--AUDIO_05_R1_2006_03_Track03_wav.wav,1245.62375438,Gregory DeTurck,American ,68,202
78,Isaac Albéniz,"Iberia, Evocation, Triana",train,2004,2004/MIDI-Unprocessed_XP_04_R1_2004_03-05_ORIG_MID--AUDIO_04_R1_2004_04_Track04_wav.midi,2004/MIDI-Unprocessed_XP_04_R1_2004_03-05_ORIG_MID--AUDIO_04_R1_2004_04_Track04_wav.wav,361.027781119,Jie Chen,Chinese,88,203
79,Isaac Albéniz,"Iberia, Evocation, Triana",train,2004,2004/MIDI-Unprocessed_XP_04_R1_2004_03-05_ORIG_MID--AUDIO_04_R1_2004_05_Track05_wav.midi,2004/MIDI-Unprocessed_XP_04_R1_2004_03-05_ORIG_MID--AUDIO_04_R1_2004_05_Track05_wav.wav,291.849566392,Jie Chen,Chinese,88,203
80,Muzio Clementi,"Sonata Bb, Op. 24, No. 2",train,2009,2009/MIDI-Unprocessed_18_R1_2009_01-03_ORIG_MID--AUDIO_18_R1_2009_18_R1_2009_02_WAV.midi,2009/MIDI-Unprocessed_18_R1_2009_01-03_ORIG_MID--AUDIO_18_R1_2009_18_R1_2009_02_WAV.wav,668.431489688,Clara Yang,USA ,37,500
81,Muzio Clementi,Sonata Op. 24/2,train,2006,2006/MIDI-Unprocessed_18_R1_2006_01-05_ORIG_MID--AUDIO_18_R1_2006_01_Track01_wav.midi,2006/MIDI-Unprocessed_18_R1_2006_01-05_ORIG_MID--AUDIO_18_R1_2006_01_Track01_wav.wav,653.231184375,Yang Shen,Chinese,184,609
82,Muzio Clementi,"Sonata Op. 25 No. 5 in F-sharp Minor, First Movement",train,2011,2011/MIDI-Unprocessed_10_R1_2011_MID--AUDIO_R1-D4_04_Track04_wav.midi,2011/MIDI-Unprocessed_10_R1_2011_MID--AUDIO_R1-D4_04_Track04_wav.wav,245.819732813,Peng Lin,China,136,610
83,Muzio Clementi,"Sonata in B-flat Major, Op.24, No. 2",train,2009,2009/MIDI-Unprocessed_15_R1_2009_01-02_ORIG_MID--AUDIO_15_R1_2009_15_R1_2009_01_WAV.midi,2009/MIDI-Unprocessed_15_R1_2009_01-02_ORIG_MID--AUDIO_15_R1_2009_15_R1_2009_01_WAV.wav,642.4793254690001,Young-Ah Tak,South Korea,191,665
84,Muzio Clementi,Sonata in F# Min,train,2006,2006/MIDI-Unprocessed_15_R1_2006_01-05_ORIG_MID--AUDIO_15_R1_2006_01_Track01_wav.midi,2006/MIDI-Unprocessed_15_R1_2006_01-05_ORIG_MID--AUDIO_15_R1_2006_01_Track01_wav.wav,649.095237656,Esther Park,American,58,748
85,Modest Mussorgsky,Pictures at an E,train,2006,2006/MIDI-Unprocessed_04_R1_2006_01-04_ORIG_MID--AUDIO_04_R1_2006_04_Track04_wav.midi,2006/MIDI-Unprocessed_04_R1_2006_01-04_ORIG_MID--AUDIO_04_R1_2006_04_Track04_wav.wav,1749.46940438,Cheng Chen,Chinese ,32,336
86,Modest Mussorgsky,Pictures at an E,train,2006,2006/MIDI-Unprocessed_18_R1_2006_01-05_ORIG_MID--AUDIO_18_R1_2006_05_Track05_wav.midi,2006/MIDI-Unprocessed_18_R1_2006_01-05_ORIG_MID--AUDIO_18_R1_2006_05_Track05_wav.wav,2009.46246703,Yang Shen,Chinese ,184,336
87,Modest Mussorgsky,Pictures at an Exhibition,train,2004,2004/MIDI-Unprocessed_XP_03_R1_2004_01-02_ORIG_MID--AUDIO_03_R1_2004_02_Track02_wav.midi,2004/MIDI-Unprocessed_XP_03_R1_2004_01-02_ORIG_MID--AUDIO_03_R1_2004_02_Track02_wav.wav,1958.31687252,Ilya Blinov,Russian ,79,337
88,Modest Mussorgsky,Pictures at an Exhibition,train,2004,2004/MIDI-Unprocessed_XP_21_R1_2004_03_ORIG_MID--AUDIO_21_R1_2004_04_Track04_wav.midi,2004/MIDI-Unprocessed_XP_21_R1_2004_03_ORIG_MID--AUDIO_21_R1_2004_04_Track04_wav.wav,1976.93006547,Nino Ushikishvili,Georgian,131,337
89,Modest Mussorgsky,Pictures at an Exhibition,train,2018,2018/MIDI-Unprocessed_Recital5-7_MID--AUDIO_07_R1_2018_wav--4.midi,2018/MIDI-Unprocessed_Recital5-7_MID--AUDIO_07_R1_2018_wav--4.wav,1823.15789906,Timur Mustakimov,Russia,165,337
90,Pyotr Ilyich Tchaikovsky,Dumka,train,2006,2006/MIDI-Unprocessed_18_R1_2006_01-05_ORIG_MID--AUDIO_18_R1_2006_03_Track03_wav.midi,2006/MIDI-Unprocessed_18_R1_2006_01-05_ORIG_MID--AUDIO_18_R1_2006_03_Track03_wav.wav,513.645319687,Yang Shen,Chinese ,184,87
91,Pyotr Ilyich Tchaikovsky,"Dumka, Op. 59",train,2008,2008/MIDI-Unprocessed_17_R2_2008_01-04_ORIG_MID--AUDIO_17_R2_2008_wav--2.midi,2008/MIDI-Unprocessed_17_R2_2008_01-04_ORIG_MID--AUDIO_17_R2_2008_wav--2.wav,474.076716094,Tracy Wong,American ,166,88
92,Pyotr Ilyich Tchaikovsky,"Dumka, Op.59",train,2009,2009/MIDI-Unprocessed_13_R1_2009_01-03_ORIG_MID--AUDIO_13_R1_2009_13_R1_2009_01_WAV.midi,2009/MIDI-Unprocessed_13_R1_2009_01-03_ORIG_MID--AUDIO_13_R1_2009_13_R1_2009_01_WAV.wav,499.677652031,Konstantin Soukhovetski,Russia,104,89
93,Pyotr Ilyich Tchaikovsky,Meditation,train,2006,2006/MIDI-Unprocessed_24_R1_2006_01-05_ORIG_MID--AUDIO_24_R1_2006_04_Track04_wav.midi,2006/MIDI-Unprocessed_24_R1_2006_01-05_ORIG_MID--AUDIO_24_R1_2006_04_Track04_wav.wav,218.688349687,Darrett Zusko,Canadian ,39,283
94,Pyotr Ilyich Tchaikovsky,Russian Scherzo Op. 1,train,2008,2008/MIDI-Unprocessed_09_R1_2008_01-05_ORIG_MID--AUDIO_09_R1_2008_wav--5.midi,2008/MIDI-Unprocessed_09_R1_2008_01-05_ORIG_MID--AUDIO_09_R1_2008_wav--5.wav,366.701022187,Joselyn Lai,Canadian ,91,473
95,Pyotr Ilyich Tchaikovsky / Mikhail Pletnev,"Andante Maestoso from ""Nutcracker Suite""",train,2008,2008/MIDI-Unprocessed_02_R2_2008_01-05_ORIG_MID--AUDIO_02_R2_2008_wav--5.midi,2008/MIDI-Unprocessed_02_R2_2008_01-05_ORIG_MID--AUDIO_02_R2_2008_wav--5.wav,272.686693125,Anna Denisova,Russian,16,22
96,Pyotr Ilyich Tchaikovsky / Mikhail Pletnev,Concert Suite from the Ballet Nutcracker,train,2004,2004/MIDI-Unprocessed_SMF_16_R1_2004_01-08_ORIG_MID--AUDIO_16_R1_2004_13_Track13_wav.midi,2004/MIDI-Unprocessed_SMF_16_R1_2004_01-08_ORIG_MID--AUDIO_16_R1_2004_13_Track13_wav.wav,969.764233204,Konstantin Krasnitsky,Belarus   ,102,77
97,Pyotr Ilyich Tchaikovsky / Mikhail Pletnev,Concert Suite from the Nutcracker,train,2004,2004/MIDI-Unprocessed_XP_11_R1_2004_03-04_ORIG_MID--AUDIO_11_R1_2004_03_Track03_wav.midi,2004/MIDI-Unprocessed_XP_11_R1_2004_03-04_ORIG_MID--AUDIO_11_R1_2004_03_Track03_wav.wav,310.470237956,Tatiana Ivleva,Russian,162,78
98,Pyotr Ilyich Tchaikovsky / Mikhail Pletnev,"Intermezzo from ""Nutcracker Suite""",train,2008,2008/MIDI-Unprocessed_02_R2_2008_01-05_ORIG_MID--AUDIO_02_R2_2008_wav--3.midi,2008/MIDI-Unprocessed_02_R2_2008_01-05_ORIG_MID--AUDIO_02_R2_2008_wav--3.wav,241.51284609400003,Anna Denisova,Russian,16,247
99,Pyotr Ilyich Tchaikovsky / Mikhail Pletnev,"March from ""Nutcracker Suite",train,2008,2008/MIDI-Unprocessed_02_R2_2008_01-05_ORIG_MID--AUDIO_02_R2_2008_wav--4.midi,2008/MIDI-Unprocessed_02_R2_2008_01-05_ORIG_MID--AUDIO_02_R2_2008_wav--4.wav,108.673769531,Anna Denisova,Russian,16,275
100,César Franck,Prel./Chor./Fug.,validation,2006,2006/MIDI-Unprocessed_22_R1_2006_01-04_ORIG_MID--AUDIO_22_R1_2006_02_Track02_wav.midi,2006/MIDI-Unprocessed_22_R1_2006_01-04_ORIG_MID--AUDIO_22_R1_2006_02_Track02_wav.wav,1188.161205,Ryo Yanagitani,Canadian ,144,349
101,César Franck,"Prelude, Choral et Fugue",validation,2018,2018/MIDI-Unprocessed_Recital8_MID--AUDIO_08_R1_2018_wav--2.midi,2018/MIDI-Unprocessed_Recital8_MID--AUDIO_08_R1_2018_wav--2.wav,1054.57827234,Misha Galant,USA,123,440
102,César Franck,"Prelude, Choral et Fugue",validation,2018,2018/MIDI-Unprocessed_Recital9-11_MID--AUDIO_10_R1_2018_wav--5.midi,2018/MIDI-Unprocessed_Recital9-11_MID--AUDIO_10_R1_2018_wav--5.wav,1021.9006875,ean-Selim Abdelmoula,Switzerland,202,440
103,César Franck,"Prelude, Fugue et Variation, Op. 18, Arrangement Delle Vigne",train,2018,2018/MIDI-Unprocessed_Recital1-3_MID--AUDIO_01_R1_2018_wav--2.midi,2018/MIDI-Unprocessed_Recital1-3_MID--AUDIO_01_R1_2018_wav--2.wav,632.269666875,Marina Kan,Norway,113,441
104,César Franck,"Prélude, chorale, et fugue, M. 21",train,2014,2014/MIDI-UNPROCESSED_16-18_R1_2014_MID--AUDIO_16_R1_2014_wav--3.midi,2014/MIDI-UNPROCESSED_16-18_R1_2014_MID--AUDIO_16_R1_2014_wav--3.wav,706.374827813,Ilya Maximov,Russia,80,452
105,Johann Sebastian Bach / Ferruccio Busoni,"""Wachet  auf, ruft uns die Stimme' BWV 645",train,2004,2004/MIDI-Unprocessed_XP_10_R1_2004_01-02_ORIG_MID--AUDIO_10_R1_2004_01_Track01_wav.midi,2004/MIDI-Unprocessed_XP_10_R1_2004_01-02_ORIG_MID--AUDIO_10_R1_2004_01_Track01_wav.wav,202.363719265,Judy Huang,Taiwanese ,93,10
106,Johann Sebastian Bach / Ferruccio Busoni,Chaconne BWV1004,train,2006,2006/MIDI-Unprocessed_07_R1_2006_01-04_ORIG_MID--AUDIO_07_R1_2006_01_Track01_wav.midi,2006/MIDI-Unprocessed_07_R1_2006_01-04_ORIG_MID--AUDIO_07_R1_2006_01_Track01_wav.wav,839.4716498439999,Claire Huangci,American ,35,58
107,Johann Sebastian Bach / Ferruccio Busoni,Chaconne in D Minor,train,2014,2014/MIDI-UNPROCESSED_06-08_R1_2014_MID--AUDIO_07_R1_2014_wav--7.midi,2014/MIDI-UNPROCESSED_06-08_R1_2014_MID--AUDIO_07_R1_2014_wav--7.wav,801.396100313,Timur Mustakimov,Russia,165,59
108,Johann Sebastian Bach / Ferruccio Busoni,"Chaconne in D Minor, BWV 1004",train,2004,2004/MIDI-Unprocessed_SMF_13_01_2004_01-05_ORIG_MID--AUDIO_13_R1_2004_02_Track02_wav.midi,2004/MIDI-Unprocessed_SMF_13_01_2004_01-05_ORIG_MID--AUDIO_13_R1_2004_02_Track02_wav.wav,832.292416525,Tanya Karyagina,Kazakstan  ,161,60
109,Johann Sebastian Bach / Ferruccio Busoni,Toccata in DMin.,train,2006,2006/MIDI-Unprocessed_21_R1_2006_01-04_ORIG_MID--AUDIO_21_R1_2006_01_Track01_wav.midi,2006/MIDI-Unprocessed_21_R1_2006_01-04_ORIG_MID--AUDIO_21_R1_2006_01_Track01_wav.wav,530.895569531,Henry Wong Doe,New Zealander,74,800
110,Nikolai Medtner,"Fairy Tale in D Minor, Op. 54",train,2009,2009/MIDI-Unprocessed_03_R1_2009_03-08_ORIG_MID--AUDIO_03_R1_2009_03_R1_2009_05_WAV.midi,2009/MIDI-Unprocessed_03_R1_2009_03-08_ORIG_MID--AUDIO_03_R1_2009_03_R1_2009_05_WAV.wav,365.333502188,Elmar Gasanov,Russia,52,155
111,Nikolai Medtner,"Fairy Tales Op. 51 No. 1, 2 and No. 3",train,2017,2017/MIDI-Unprocessed_078_PIANO078_MID--AUDIO-split_07-09-17_Piano-e_1-02_wav--3.midi,2017/MIDI-Unprocessed_078_PIANO078_MID--AUDIO-split_07-09-17_Piano-e_1-02_wav--3.wav,671.685811287,Leyla Kabuli,USA,107,156
112,Nikolai Medtner,"Sonata Tragica, Op. 39, No. 5",train,2014,2014/MIDI-UNPROCESSED_09-10_R1_2014_MID--AUDIO_10_R1_2014_wav--5.midi,2014/MIDI-UNPROCESSED_09-10_R1_2014_MID--AUDIO_10_R1_2014_wav--5.wav,609.916590938,Joo Hyeon Park,South Korea,90,617
113,Nikolai Medtner,"Three Fairy Tales ""Skazki"" from Op. 34",train,2018,2018/MIDI-Unprocessed_Recital16_MID--AUDIO_16_R1_2018_wav--2.midi,2018/MIDI-Unprocessed_Recital16_MID--AUDIO_16_R1_2018_wav--2.wav,727.8331396880002,Darya Kiseleva,Russia,40,793
114,Nikolai Medtner,Two Fairy Tales,train,2006,2006/MIDI-Unprocessed_13_R1_2006_01-06_ORIG_MID--AUDIO_13_R1_2006_01_Track01_wav.midi,2006/MIDI-Unprocessed_13_R1_2006_01-06_ORIG_MID--AUDIO_13_R1_2006_01_Track01_wav.wav,412.67319843800004,Howard Na,American ,75,823
115,George Frideric Handel,Chaconne in G,train,2009,2009/MIDI-Unprocessed_18_R1_2009_01-03_ORIG_MID--AUDIO_18_R1_2009_18_R1_2009_01_WAV.midi,2009/MIDI-Unprocessed_18_R1_2009_01-03_ORIG_MID--AUDIO_18_R1_2009_18_R1_2009_01_WAV.wav,329.032790625,Clara Yang,USA ,37,62
116,George Frideric Handel,"Chaconne in G Major, HWV 435",train,2018,2018/MIDI-Unprocessed_Recital1-3_MID--AUDIO_01_R1_2018_wav--1.midi,2018/MIDI-Unprocessed_Recital1-3_MID--AUDIO_01_R1_2018_wav--1.wav,328.904585625,Marina Kan,Norway,113,63
117,George Frideric Handel,"Suite No. 2 in F Major, HWV 427 (Complete)",train,2017,2017/MIDI-Unprocessed_079_PIANO079_MID--AUDIO-split_07-09-17_Piano-e_1-04_wav--1.midi,2017/MIDI-Unprocessed_079_PIANO079_MID--AUDIO-split_07-09-17_Piano-e_1-04_wav--1.wav,453.091796933,Sarah Tuan,USA,147,769
118,George Frideric Handel,Suite No. 3 in D Minor,train,2004,2004/MIDI-Unprocessed_XP_08_R1_2004_01-02_ORIG_MID--AUDIO_08_R1_2004_01_Track01_wav.midi,2004/MIDI-Unprocessed_XP_08_R1_2004_01-02_ORIG_MID--AUDIO_08_R1_2004_01_Track01_wav.wav,720.089756071,Grace Fong,American ,67,770
119,George Frideric Handel,Suite No. 3 in D Minor,train,2009,2009/MIDI-Unprocessed_12_R1_2009_01-02_ORIG_MID--AUDIO_12_R1_2009_12_R1_2009_01_WAV.midi,2009/MIDI-Unprocessed_12_R1_2009_01-02_ORIG_MID--AUDIO_12_R1_2009_12_R1_2009_01_WAV.wav,856.080874687,Rui Shi,China,142,770
